model, triangle count, X dimension, Y dimension, Z dimension, triangle area, triangle ratio, bbox area, bbox ratio
squirrel.stl, 71664, 76.04080200195312, 59.64377975463867, 97.88967895507812, 0.015936272218823433, 3.513782641896765e-06, 0.20246320962905884, 4.4641036614384344e-05
bunny.stl, 69664, 86.35807800292969, 66.93115997314453, 85.60076904296875, 1.7577037811279297, 0.0003040985624722826, 29.68239402770996, 0.005135321122635456
earrings.stl, 350140, 74.52200317382812, 120.84400939941406, 22.442001342773438, 0.0008035058272071183, 8.92235264852354e-08, 0.003191674593836069, 3.5441244234060817e-07
